metric,scope,field,target_su4_shot_gate_exposure,pairs,mean_difference,standard_error,interval_level,interval_lower,interval_upper
fidelity,fixed_field,0.9,26000000,10,-0.026366576630498774,0.007982054098945124,0.975,-0.047798478466042196,-0.004934674794955355
fidelity,fixed_field,1.0,26000000,10,-0.008907920130319453,0.004927963012509755,0.975,-0.02213955427161845,0.004323714010979543
fidelity,fixed_field,1.1,26000000,10,-0.015069740488459157,0.008856315185263919,0.975,-0.03884904282371808,0.008709561846799767
fidelity,equal_weight_fixed_fields,,26000000,30,-0.016781412416425792,,0.975,-0.025979144890626343,-0.007735883933539018
fidelity,fixed_field,0.9,260000000,10,0.022944829530832343,0.02500543357182824,0.975,-0.04419503083887486,0.09008468990053956
fidelity,fixed_field,1.0,260000000,10,-0.028879696902498003,0.025662280946155684,0.975,-0.0977831995969773,0.040023805791981296
fidelity,fixed_field,1.1,260000000,10,-0.0989609242357335,0.023422199734955493,0.975,-0.16184978458039054,-0.03607206389107645
fidelity,equal_weight_fixed_fields,,260000000,30,-0.03496526386913305,,0.975,-0.0648369792679445,-0.004852837765948434
fidelity,fixed_field,0.9,2600000000,10,0.04924533155279269,0.027160378489874164,0.975,-0.023680579296159826,0.1221712424017452
fidelity,fixed_field,1.0,2600000000,10,0.08515781793599778,0.03681612875712755,0.975,-0.013693887114680989,0.18400952298667655
fidelity,fixed_field,1.1,2600000000,10,0.05484971526326874,0.010355335605462741,0.975,0.027045526840176616,0.08265390368636086
fidelity,equal_weight_fixed_fields,,2600000000,30,0.06308428825068639,,0.975,0.029320947735011878,0.09529436563441243
fidelity,fixed_field,0.9,8400000000,10,-0.01484144515403223,0.0050887683573979286,0.975,-0.028504843390582034,-0.0011780469174824254
fidelity,fixed_field,1.0,8400000000,10,0.016144160409357733,0.020101739850623027,0.975,-0.03782922912944772,0.07011754994816319
fidelity,fixed_field,1.1,8400000000,10,0.0005105277553936971,0.00829718511916112,0.975,-0.02176750428759801,0.022788559798385403
fidelity,equal_weight_fixed_fields,,8400000000,30,0.0006044143369064001,,0.975,-0.01634730516257389,0.01541295572292665
zz_long_range_mae,fixed_field,0.9,26000000,10,-0.0019798509841882027,0.0007895787560586144,0.975,-0.0040998785086214275,0.000140176540245022
zz_long_range_mae,fixed_field,1.0,26000000,10,0.00022681256729064904,0.0006004283958241759,0.975,-0.0013853441882338685,0.0018389693228151665
zz_long_range_mae,fixed_field,1.1,26000000,10,-0.0008193663694321957,0.0005578308686010971,0.975,-0.0023171483023151874,0.0006784155634507959
zz_long_range_mae,equal_weight_fixed_fields,,26000000,30,-0.0008574682621099165,,0.975,-0.001669579565686383,-6.556560093707248e-05
zz_long_range_mae,fixed_field,0.9,260000000,10,-0.002583119701218245,0.0014483953089015204,0.975,-0.0064720768160969,0.00130583741366041
zz_long_range_mae,fixed_field,1.0,260000000,10,-9.04053223909157e-05,0.0005433457673319639,0.975,-0.0015492946012490496,0.0013684839564672183
zz_long_range_mae,fixed_field,1.1,260000000,10,-0.0002783727391058539,0.0009377642809327656,0.975,-0.0027962800051673647,0.0022395345269556567
zz_long_range_mae,equal_weight_fixed_fields,,260000000,30,-0.0009839659209050049,,0.975,-0.0023355011799007746,0.0002103902736046981
zz_long_range_mae,fixed_field,0.9,2600000000,10,-0.09328341829416112,0.023100993373189084,0.975,-0.1553098360734089,-0.031257000514913334
zz_long_range_mae,fixed_field,1.0,2600000000,10,-0.03417282459235745,0.010518058673931695,0.975,-0.06241392621931598,-0.005931722965398928
zz_long_range_mae,fixed_field,1.1,2600000000,10,-0.006223103624683951,0.0017902012621033008,0.975,-0.011029813431415826,-0.001416393817952077
zz_long_range_mae,equal_weight_fixed_fields,,2600000000,30,-0.04455978217040083,,0.975,-0.0638611143310296,-0.028263704598545877
zz_long_range_mae,fixed_field,0.9,8400000000,10,-0.02006316479517245,0.014616165179191235,0.975,-0.059307726840161924,0.019181397249817024
zz_long_range_mae,fixed_field,1.0,8400000000,10,-0.02293511374413721,0.012640529974832261,0.975,-0.05687507383607039,0.011004846347795971
zz_long_range_mae,fixed_field,1.1,8400000000,10,-0.0007481379136348269,0.0032986136754617873,0.975,-0.009604951411706827,0.008108675584437173
zz_long_range_mae,equal_weight_fixed_fields,,8400000000,30,-0.01458213881764816,,0.975,-0.028112076424387136,-0.0003402139752515141
energy_density_error,fixed_field,0.9,26000000,10,0.14241775326980138,0.02501607108114294,0.975,0.0752493310722011,0.20958617546740166
energy_density_error,fixed_field,1.0,26000000,10,0.0624365764601584,0.02011434574366295,0.975,0.00842933996180694,0.11644381295850986
energy_density_error,fixed_field,1.1,26000000,10,0.16006927396720827,0.05848088729042867,0.975,0.003047457260956593,0.31709109067346
energy_density_error,equal_weight_fixed_fields,,26000000,30,0.12164120123238935,,0.975,0.0784751105753822,0.1727422343023426
energy_density_error,fixed_field,0.9,260000000,10,0.004822317585429658,0.01299767649052514,0.975,-0.0300765847750416,0.039721219945900915
energy_density_error,fixed_field,1.0,260000000,10,0.017639532628345767,0.012634556841241627,0.975,-0.016284389535107077,0.05156345479179861
energy_density_error,fixed_field,1.1,260000000,10,0.03108630316812864,0.008997648917686708,0.975,0.0069275182282934715,0.0552450881079638
energy_density_error,equal_weight_fixed_fields,,260000000,30,0.01784938446063469,,0.975,0.0035542292556653547,0.0319171859311102
energy_density_error,fixed_field,0.9,2600000000,10,-0.0037323964726116987,0.003091324778240341,0.975,-0.012032637033219494,0.004567844087996096
energy_density_error,fixed_field,1.0,2600000000,10,-0.012097455536746082,0.005880675183895003,0.975,-0.027887132192108526,0.0036922211186163623
energy_density_error,fixed_field,1.1,2600000000,10,-0.009698481628400901,0.0020547247009833694,0.975,-0.015215439737762949,-0.004181523519038853
energy_density_error,equal_weight_fixed_fields,,2600000000,30,-0.00850944454591956,,0.975,-0.013064164901763485,-0.0033013829648569646
energy_density_error,fixed_field,0.9,8400000000,10,0.0032253647113584137,0.0009543427762472764,0.975,0.0006629440055535454,0.0057877854171632815
energy_density_error,fixed_field,1.0,8400000000,10,-0.002062407825417578,0.0026897603765092177,0.975,-0.009284443611681945,0.005159627960846789
energy_density_error,fixed_field,1.1,8400000000,10,0.0006998833821255879,0.0016971314850529006,0.975,-0.0038569330637151724,0.005256699827966348
energy_density_error,equal_weight_fixed_fields,,8400000000,30,0.0006209467560221411,,0.975,-0.001671880898990176,0.003053593306992627
half_chain_entropy_error,fixed_field,0.9,26000000,10,-0.13637545592126268,0.11710486123263696,0.975,-0.4508032785458289,0.17805236670330357
half_chain_entropy_error,fixed_field,1.0,26000000,10,-0.07106351417420576,0.07409835979244091,0.975,-0.270018413948218,0.1278913855998065
half_chain_entropy_error,fixed_field,1.1,26000000,10,-0.01530029259193294,0.10438961843055297,0.975,-0.29558755037299883,0.26498696518913295
half_chain_entropy_error,equal_weight_fixed_fields,,26000000,30,-0.07424642089580047,,0.975,-0.18913111828603543,0.05103626674030723
half_chain_entropy_error,fixed_field,0.9,260000000,10,-0.0756310030708835,0.07332138635336354,0.975,-0.27249972073328477,0.12123771459151775
half_chain_entropy_error,fixed_field,1.0,260000000,10,-0.13486430934861948,0.04392791402909471,0.975,-0.2528112349947596,-0.01691738370247936
half_chain_entropy_error,fixed_field,1.1,260000000,10,-0.02428904219519467,0.03876893167045974,0.975,-0.12838404424986516,0.0798059598594758
half_chain_entropy_error,equal_weight_fixed_fields,,260000000,30,-0.07826145153823255,,0.975,-0.14426587030321628,-0.01076201249317664
half_chain_entropy_error,fixed_field,0.9,2600000000,10,-0.07681975311398839,0.0158199973921837,0.975,-0.11929661770860969,-0.03434288851936709
half_chain_entropy_error,fixed_field,1.0,2600000000,10,-0.09651521169934854,0.03513081191079085,0.975,-0.19084182273729078,-0.0021886006614063175
half_chain_entropy_error,fixed_field,1.1,2600000000,10,-0.09687114018634786,0.016345205830395643,0.975,-0.14075819513440777,-0.052984085238287966
half_chain_entropy_error,equal_weight_fixed_fields,,2600000000,30,-0.0900687016665616,,0.975,-0.11835780928776266,-0.05888664235145827
half_chain_entropy_error,fixed_field,0.9,8400000000,10,-0.015827600996091075,0.010455876365674629,0.975,-0.04390174245089929,0.01224654045871714
half_chain_entropy_error,fixed_field,1.0,8400000000,10,-0.040338313392272146,0.02427781450844495,0.975,-0.1055245086844448,0.024847881899900504
half_chain_entropy_error,fixed_field,1.1,8400000000,10,-0.0351674656432878,0.005686593866887805,0.975,-0.0504360318573215,-0.019898899429254102
half_chain_entropy_error,equal_weight_fixed_fields,,8400000000,30,-0.03044446001055034,,0.975,-0.04877787545224642,-0.010441824103969863
