field,replicate,architecture,target_su4_shot_gate_exposure,achieved_su4_shot_gate_exposure,achieved_modeled_entangling_exposure,achieved_training_shots,objective_queries,fidelity,zz_long_range_mae,energy_density_error,half_chain_entropy_error,joint_failure,physical_su4_blocks,independent_coordinates
0.9,80,MERA_PM225,26000000,26000000,78000000,1000000,200,0.04367679234790141,0.30011190129236376,0.4985241046039015,0.3381289967061415,0.9563232076520987,26,225
0.9,80,MPS,26000000,26400000,79200000,1760000,352,0.07818409426798953,0.30160016086149455,0.4047401457215798,0.7802703210811006,0.9218159057320103,15,225
0.9,81,MERA_PM225,26000000,26000000,78000000,1000000,200,0.00978757680985385,0.3019562870646356,0.6170154000888038,0.3010200164942317,0.9902124231901461,26,225
0.9,81,MPS,26000000,26400000,79200000,1760000,352,0.06058409378238903,0.3016001229083535,0.3719059308719377,0.711566585665547,0.9394159062176108,15,225
0.9,82,MERA_PM225,26000000,26000000,78000000,1000000,200,0.03240349826244124,0.2944929930016471,0.6665120622265981,0.13600071066052744,0.9675965017375588,26,225
0.9,82,MPS,26000000,26400000,79200000,1760000,352,0.027818644634431088,0.3016000926005783,0.5350776591414881,0.518561547554532,0.9721813553655689,15,225
0.9,83,MERA_PM225,26000000,26000000,78000000,1000000,200,0.05084438566257618,0.2962172121839724,0.4772627807580676,0.18960069750272213,0.9491556143374236,26,225
0.9,83,MPS,26000000,26400000,79200000,1760000,352,0.11134151543307128,0.301600173767416,0.32806209949670206,0.7801336761678938,0.8886584845669286,15,225
0.9,84,MERA_PM225,26000000,26000000,78000000,1000000,200,0.01805386720042422,0.3019558383280998,0.585361883320177,0.6596022286576865,0.9819461327995758,26,225
0.9,84,MPS,26000000,26400000,79200000,1760000,352,0.02256294475982545,0.3015999145254464,0.46502359133723714,0.07292723988990979,0.9774370552401745,15,225
0.9,85,MERA_PM225,26000000,26000000,78000000,1000000,200,0.018665066270205845,0.3013064772623096,0.606230821155054,0.4947427415567404,0.9813349337297941,26,225
0.9,85,MPS,26000000,26400000,79200000,1760000,352,0.030665558004253083,0.3016000693175943,0.48066798079728557,0.592479500367464,0.9693344419957469,15,225
0.9,86,MERA_PM225,26000000,26000000,78000000,1000000,200,0.035997604511244785,0.29984173323389185,0.5218058413452534,0.5088158407601824,0.9640023954887551,26,225
0.9,86,MPS,26000000,26400000,79200000,1760000,352,0.026357305885412647,0.30159099163336206,0.5561083743220532,0.5607727422747908,0.9736426941145873,15,225
0.9,87,MERA_PM225,26000000,26000000,78000000,1000000,200,0.06430202961008218,0.2985812098355792,0.5089154182326017,0.02967113721760839,0.9356979703899179,26,225
0.9,87,MPS,26000000,26400000,79200000,1760000,352,0.11965708156162964,0.30160009651034514,0.28285003090576755,0.3102172418338178,0.8803429184383703,15,225
0.9,88,MERA_PM225,26000000,26000000,78000000,1000000,200,0.007571622133026296,0.30093757424976425,0.6421890750548085,0.03862428461524092,0.9924283778669737,26,225
0.9,88,MPS,26000000,26400000,79200000,1760000,352,0.03064228405139552,0.30160003923362305,0.4378157394821398,0.08488072979864925,0.9693577159486045,15,225
0.9,89,MERA_PM225,26000000,26000000,78000000,1000000,200,0.017245783637225693,0.300789684064827,0.6246751502625392,0.40885474720708165,0.9827542163627743,26,225
0.9,89,MPS,26000000,26400000,79200000,1760000,352,0.05440047036957215,0.3015977590007593,0.46206345227360024,0.05700637595708502,0.9455995296304278,15,225
1.0,80,MERA_PM225,26000000,26000000,78000000,1000000,200,0.09235492930285286,0.13327645999703747,0.4257655272564598,0.1117453066149271,0.9076450706971473,26,225
1.0,80,MPS,26000000,26400000,79200000,1760000,352,0.08984474968754906,0.1349479621483089,0.40991163045541434,0.3769345023939257,0.9101552503124509,15,225
1.0,81,MERA_PM225,26000000,26000000,78000000,1000000,200,0.01477458871152012,0.13991073123017803,0.6935603913186213,0.092001694404521,0.9852254112884798,26,225
1.0,81,MPS,26000000,26400000,79200000,1760000,352,0.012662865923092027,0.13494853065285,0.572649219612001,0.36124454886637675,0.9873371340769079,15,225
1.0,82,MERA_PM225,26000000,26000000,78000000,1000000,200,0.037637408941997234,0.13515646317497523,0.454299388473266,0.29903018420679456,0.9623625910580027,26,225
1.0,82,MPS,26000000,26400000,79200000,1760000,352,0.021594110145893325,0.13494839350749477,0.5204411945546066,0.4047871587051278,0.9784058898541067,15,225
1.0,83,MERA_PM225,26000000,26000000,78000000,1000000,200,0.029040489426880096,0.1361476659515805,0.49432271661799343,0.39437189885948265,0.9709595105731199,26,225
1.0,83,MPS,26000000,26400000,79200000,1760000,352,0.054436949848094565,0.13494840493420224,0.381445243420371,0.1422650360350104,0.9455630501519053,15,225
1.0,84,MERA_PM225,26000000,26000000,78000000,1000000,200,0.08555328180272266,0.1346300985747466,0.3754260506056537,0.22841753038755896,0.9144467181972774,26,225
1.0,84,MPS,26000000,26400000,79200000,1760000,352,0.11707155834601653,0.13494841577941538,0.272890273458574,0.279752029722484,0.8829284416539833,15,225
1.0,85,MERA_PM225,26000000,26000000,78000000,1000000,200,0.023987804963280658,0.13440799196603978,0.5082819870369806,0.3842806788829014,0.9760121950367193,26,225
1.0,85,MPS,26000000,26400000,79200000,1760000,352,0.0402754297110863,0.13494845936514524,0.4886899031644827,0.6068891325116336,0.9597245702889136,15,225
1.0,86,MERA_PM225,26000000,26000000,78000000,1000000,200,0.016844199865018943,0.13603876510874724,0.7010017066207576,0.40517109139602514,0.983155800134981,26,225
1.0,86,MPS,26000000,26400000,79200000,1760000,352,0.0080070653850586,0.13494830630788074,0.5981826989954778,0.3779062094628974,0.9919929346149414,15,225
1.0,87,MERA_PM225,26000000,26000000,78000000,1000000,200,0.0054791660608937715,0.13431283035765093,0.5925634340517217,0.052072581862024236,0.9945208339391063,26,225
1.0,87,MPS,26000000,26400000,79200000,1760000,352,0.015416960799615739,0.13494836947214472,0.5409005689885161,0.186483010173487,0.9845830392003843,15,225
1.0,88,MERA_PM225,26000000,26000000,78000000,1000000,200,0.02378518523712556,0.13382821222775496,0.5031263573715374,0.471014826359833,0.9762148147628745,26,225
1.0,88,MPS,26000000,26400000,79200000,1760000,352,0.040404232429896325,0.13494844955791155,0.4747622008602501,0.08511046833363078,0.9595957675701037,15,225
1.0,89,MERA_PM225,26000000,26000000,78000000,1000000,200,0.02696917797513276,0.134042370356799,0.5356555481737045,0.21736447127908204,0.9730308220248672,26,225
1.0,89,MPS,26000000,26400000,79200000,1760000,352,0.0457915113143167,0.1349481715472497,0.39976440941541846,0.5447333097906343,0.9542084886856835,15,225
1.1,80,MERA_PM225,26000000,26000000,78000000,1000000,200,0.04661200344961858,0.055346128154786234,0.5288559954385132,0.07368124870914372,0.9533879965503814,26,225
1.1,80,MPS,26000000,26400000,79200000,1760000,352,0.11999232739640558,0.055399882295772127,0.3633721397650562,0.4205284864133516,0.8800076726035945,15,225
1.1,81,MERA_PM225,26000000,26000000,78000000,1000000,200,0.050110851247768866,0.053854960547446165,0.48262433834007323,0.37968622686552267,0.9498891487522311,26,225
1.1,81,MPS,26000000,26400000,79200000,1760000,352,0.018365009766483018,0.05540010368250476,0.4221685204935516,0.2480883400094155,0.981634990233517,15,225
1.1,82,MERA_PM225,26000000,26000000,78000000,1000000,200,0.012630090986291122,0.05093295893209237,0.6609258222349945,0.17659912031978886,0.9873699090137089,26,225
1.1,82,MPS,26000000,26400000,79200000,1760000,352,0.011063066698482685,0.055399994909430414,0.6206367799093184,0.42864514584481017,0.9889369333015173,15,225
1.1,83,MERA_PM225,26000000,26000000,78000000,1000000,200,0.041379427949999666,0.05451261668954679,0.4378928178468836,0.08998857448747527,0.9586205720500002,26,225
1.1,83,MPS,26000000,26400000,79200000,1760000,352,0.03920209479021611,0.05540087751909084,0.4248013865143403,0.35963905285229647,0.9607979052097838,15,225
1.1,84,MERA_PM225,26000000,26000000,78000000,1000000,200,0.0021795853854591,0.05549644079873098,0.7679542609499828,0.7296782725629435,0.9978204146145409,26,225
1.1,84,MPS,26000000,26400000,79200000,1760000,352,0.020534618038745973,0.05539917753923135,0.57054086011347,0.022182239028554318,0.9794653819612541,15,225
1.1,85,MERA_PM225,26000000,26000000,78000000,1000000,200,0.022240483952990796,0.05408677833784276,0.6218192287295137,0.11438270303158449,0.9777595160470091,26,225
1.1,85,MPS,26000000,26400000,79200000,1760000,352,0.03527762759757524,0.05540016387290599,0.5667790630326444,0.07812559458630419,0.9647223724024246,15,225
1.1,86,MERA_PM225,26000000,26000000,78000000,1000000,200,0.0003416975802366502,0.055342418076952046,0.9879191197944903,0.0162885102561659,0.9996583024197634,26,225
1.1,86,MPS,26000000,26400000,79200000,1760000,352,0.03772200258759305,0.055400037979916106,0.4061867152937544,0.14680322658016942,0.9622779974124069,15,225
1.1,87,MERA_PM225,26000000,26000000,78000000,1000000,200,0.015034122812305713,0.05392236765469002,0.5930936283531283,0.3712129290491434,0.9849658771876943,26,225
1.1,87,MPS,26000000,26400000,79200000,1760000,352,0.024165016734354703,0.055399924776385695,0.5568373995135485,0.3044925483933037,0.9758349832656453,15,225
1.1,88,MERA_PM225,26000000,26000000,78000000,1000000,200,0.0032312882792384437,0.05796170778959448,0.8938393125792848,0.2684630362267383,0.9967687117207615,26,225
1.1,88,MPS,26000000,26400000,79200000,1760000,352,0.03360060644407178,0.05539998818825667,0.5137925664599317,0.015415930944328582,0.9663993935559282,15,225
1.1,89,MERA_PM225,26000000,26000000,78000000,1000000,200,0.013371537618569013,0.05435000296857421,0.5967623895302587,0.10652868366890444,0.986628462381431,26,225
1.1,89,MPS,26000000,26400000,79200000,1760000,352,0.01790612409314136,0.05539989288108406,0.525878743029425,0.455591666444206,0.9820938759068586,15,225
0.9,80,MERA_PM225,260000000,260000000,780000000,10000000,2000,0.503471725531637,0.29900972550975363,0.08047274893235601,0.4057489705016368,0.496528274468363,26,225
0.9,80,MPS,260000000,260400000,781200000,17360000,3472,0.35324674786063087,0.30159967906918295,0.1221019955927376,0.7827109997589464,0.646753252139369,15,225
0.9,81,MERA_PM225,260000000,260000000,780000000,10000000,2000,0.33108856226465405,0.28880305053684535,0.15023691761276559,0.2871169782420654,0.6689114377353461,26,225
0.9,81,MPS,260000000,260400000,781200000,17360000,3472,0.383022360404013,0.3016038959702074,0.12197937411048687,0.4339715216419504,0.6169776395959872,15,225
0.9,82,MERA_PM225,260000000,260000000,780000000,10000000,2000,0.38953032467023974,0.2994032932708993,0.11576351499060467,0.3422293335794273,0.6104696753297605,26,225
0.9,82,MPS,260000000,260400000,781200000,17360000,3472,0.33128882623674416,0.3015990827963978,0.1326839509952764,0.7113969704809956,0.6687111737632561,15,225
0.9,83,MERA_PM225,260000000,260000000,780000000,10000000,2000,0.23952770266280665,0.2958046821979209,0.2160344795235929,0.5140428867680369,0.7604722973371931,26,225
0.9,83,MPS,260000000,260400000,781200000,17360000,3472,0.3594884400811512,0.3016002204464352,0.11760247633854126,0.5647720920941566,0.6405115599188488,15,225
0.9,84,MERA_PM225,260000000,260000000,780000000,10000000,2000,0.3758771560069036,0.3022829122674828,0.13710531273179272,0.48721242731577447,0.6241228439930966,26,225
0.9,84,MPS,260000000,260400000,781200000,17360000,3472,0.326371559374193,0.30159855221544407,0.14099144879805126,0.17768083130827927,0.6736284406258071,15,225
0.9,85,MERA_PM225,260000000,260000000,780000000,10000000,2000,0.42675852200515213,0.3019163586479251,0.10243601195226426,0.5051056554225222,0.5732414779948483,26,225
0.9,85,MPS,260000000,260400000,781200000,17360000,3472,0.31183633141325495,0.30160070473138634,0.14304411855055887,0.7873470074772005,0.6881636685867452,15,225
0.9,86,MERA_PM225,260000000,260000000,780000000,10000000,2000,0.30451574624877564,0.3021654853596687,0.16776076021776287,0.5407585772567078,0.6954842537512245,26,225
0.9,86,MPS,260000000,260400000,781200000,17360000,3472,0.3405039108664348,0.3016010550726859,0.14334106835279248,0.5420031810480486,0.6594960891335655,15,225
0.9,87,MERA_PM225,260000000,260000000,780000000,10000000,2000,0.374435641796856,0.2955521380229443,0.13984889047011984,0.41996987915831185,0.6255643582031439,26,225
0.9,87,MPS,260000000,260400000,781200000,17360000,3472,0.3490663789742977,0.3016006914722631,0.12608662196372467,0.4664261428220593,0.6509336210257025,15,225
0.9,88,MERA_PM225,260000000,260000000,780000000,10000000,2000,0.3089078073446051,0.30074472389272594,0.15779610345029838,0.47869363931220305,0.6910921926553952,26,225
0.9,88,MPS,260000000,260400000,781200000,17360000,3472,0.29749801039595886,0.301599364212828,0.15066837629265373,0.5149560330519509,0.702501989604041,15,225
0.9,89,MERA_PM225,260000000,260000000,780000000,10000000,2000,0.3422829066402457,0.3044886043747934,0.14153252813489847,0.44604169128315374,0.6577170933597545,26,225
0.9,89,MPS,260000000,260400000,781200000,17360000,3472,0.3146252342568736,0.30159892510631103,0.16226466116733596,0.20196528986508688,0.6853747657431262,15,225
1.0,80,MERA_PM225,260000000,260000000,780000000,10000000,2000,0.433019158029921,0.13612718758630266,0.14895525568121237,0.25390996767528656,0.566980841970079,26,225
1.0,80,MPS,260000000,260400000,781200000,17360000,3472,0.48275900861639026,0.13494845774228728,0.11164370548918523,0.5731100593924314,0.5172409913836093,15,225
1.0,81,MERA_PM225,260000000,260000000,780000000,10000000,2000,0.5008893310403065,0.1360857457054181,0.12392145998431592,0.16255032056194074,0.499110668959693,26,225
1.0,81,MPS,260000000,260400000,781200000,17360000,3472,0.4883897296508056,0.13494831004500615,0.11502665485232999,0.3901549439462134,0.5116102703491943,15,225
1.0,82,MERA_PM225,260000000,260000000,780000000,10000000,2000,0.39530229695097696,0.1351807652695473,0.1661040342151301,0.36718690781544294,0.604697703049023,26,225
1.0,82,MPS,260000000,260400000,781200000,17360000,3472,0.5408275666374277,0.1349482315747365,0.09354085246410149,0.3694917732601734,0.4591724333625721,15,225
1.0,83,MERA_PM225,260000000,260000000,780000000,10000000,2000,0.44273767031077516,0.1315092633561495,0.1317306180696851,0.30436068549267503,0.5572623296892244,26,225
1.0,83,MPS,260000000,260400000,781200000,17360000,3472,0.42572193200610103,0.13494808721777435,0.1499878600084048,0.45219868378936645,0.574278067993899,15,225
1.0,84,MERA_PM225,260000000,260000000,780000000,10000000,2000,0.5230150984831653,0.13650221412615027,0.1060828243705858,0.2505899257761914,0.4769849015168346,26,225
1.0,84,MPS,260000000,260400000,781200000,17360000,3472,0.5170855585061412,0.13494727468707335,0.10539214623058202,0.2745925130836035,0.4829144414938592,15,225
1.0,85,MERA_PM225,260000000,260000000,780000000,10000000,2000,0.5058788624004854,0.1335803899997234,0.12125431591162772,0.28616534345764183,0.4941211375995149,26,225
1.0,85,MPS,260000000,260400000,781200000,17360000,3472,0.5240725129767644,0.13494862767324778,0.1041341632082542,0.5351286583855727,0.4759274870232355,15,225
1.0,86,MERA_PM225,260000000,260000000,780000000,10000000,2000,0.5707954066807407,0.13395462761890578,0.09966018589826042,0.07720707349089717,0.42920459331925953,26,225
1.0,86,MPS,260000000,260400000,781200000,17360000,3472,0.42989136469914274,0.13494668716047176,0.16798246329221445,0.4075547981323222,0.5701086353008571,15,225
1.0,87,MERA_PM225,260000000,260000000,780000000,10000000,2000,0.3791473096790765,0.13535620020289196,0.17010556878007588,0.33883461498406237,0.6208526903209234,26,225
1.0,87,MPS,260000000,260400000,781200000,17360000,3472,0.4709400037507002,0.1349484212607644,0.12279312767513306,0.3059975931886022,0.5290599962492997,15,225
1.0,88,MERA_PM225,260000000,260000000,780000000,10000000,2000,0.4804724139992412,0.13332722011047493,0.1370879079002456,0.23822051512415976,0.5195275860007591,26,225
1.0,88,MPS,260000000,260400000,781200000,17360000,3472,0.5281431137130413,0.1349485733065387,0.10392812568124699,0.3231831866663054,0.47185688628695877,15,225
1.0,89,MERA_PM225,260000000,260000000,780000000,10000000,2000,0.40238621389227924,0.13695332459754295,0.15164887799962812,0.34722306028470484,0.5976137861077206,26,225
1.0,89,MPS,260000000,260400000,781200000,17360000,3472,0.5146099399354335,0.13494832112911573,0.10572662362585716,0.3434792983046069,0.48539006006456664,15,225
1.1,80,MERA_PM225,260000000,260000000,780000000,10000000,2000,0.5833318206498134,0.055262544311409784,0.10352261588940204,0.19836759594528486,0.4166681793501862,26,225
1.1,80,MPS,260000000,260400000,781200000,17360000,3472,0.5735187014499047,0.05540008559975281,0.11556592119249487,0.4351930010391092,0.4264812985500954,15,225
1.1,81,MERA_PM225,260000000,260000000,780000000,10000000,2000,0.545653237450517,0.05424340247635155,0.13439373122115295,0.22232701384776887,0.45434676254948225,26,225
1.1,81,MPS,260000000,260400000,781200000,17360000,3472,0.6354611402612992,0.05540173573400381,0.09078551961088444,0.2048810058222687,0.3645388597387005,15,225
1.1,82,MERA_PM225,260000000,260000000,780000000,10000000,2000,0.407587738600333,0.05643427075423873,0.1571273130642612,0.19542861245066268,0.5924122613996671,26,225
1.1,82,MPS,260000000,260400000,781200000,17360000,3472,0.6189344498305859,0.055399478354492965,0.09378596109961013,0.17766127093886092,0.38106555016941435,15,225
1.1,83,MERA_PM225,260000000,260000000,780000000,10000000,2000,0.447227655875056,0.054129428846905046,0.17436839566356155,0.2832862637959112,0.5527723441249441,26,225
1.1,83,MPS,260000000,260400000,781200000,17360000,3472,0.6346028402136029,0.055398225540082995,0.0997421549230737,0.09612291534801798,0.3653971597863974,15,225
1.1,84,MERA_PM225,260000000,260000000,780000000,10000000,2000,0.5820580177822725,0.0583080868589559,0.11721223674636394,0.1065389632528107,0.4179419822177276,26,225
1.1,84,MPS,260000000,260400000,781200000,17360000,3472,0.5987054162731739,0.05539887373424359,0.11433576333718132,0.17864732040145676,0.4012945837268257,15,225
1.1,85,MERA_PM225,260000000,260000000,780000000,10000000,2000,0.4732625752434571,0.0560084889677826,0.15607697919554564,0.2425965166750425,0.5267374247565428,26,225
1.1,85,MPS,260000000,260400000,781200000,17360000,3472,0.5766960914227972,0.05540009252980156,0.12048475044650564,0.16799188680697946,0.4233039085772028,15,225
1.1,86,MERA_PM225,260000000,260000000,780000000,10000000,2000,0.39481660707822674,0.05984358506662142,0.17019174568784545,0.14882990843045263,0.6051833929217736,26,225
1.1,86,MPS,260000000,260400000,781200000,17360000,3472,0.5726180862319196,0.05539613669967084,0.11823477257842252,0.20080034034040267,0.42738191376807977,15,225
1.1,87,MERA_PM225,260000000,260000000,780000000,10000000,2000,0.5752336176267683,0.04898055790956966,0.10529179333677963,0.21219883750554283,0.42476638237323194,26,225
1.1,87,MPS,260000000,260400000,781200000,17360000,3472,0.6143032910303886,0.05539942112631176,0.10203486814556761,0.22736903873143824,0.3856967089696113,15,225
1.1,88,MERA_PM225,260000000,260000000,780000000,10000000,2000,0.4581699056240738,0.055035742178998884,0.164366202960329,0.22268939430314616,0.5418300943759261,26,225
1.1,88,MPS,260000000,260400000,781200000,17360000,3472,0.5530415630968221,0.05540029392592573,0.13050540449727843,0.19893643920527043,0.44695843690317805,15,225
1.1,89,MERA_PM225,260000000,260000000,780000000,10000000,2000,0.5472599747123958,0.052966361102067275,0.1154870773905241,0.2202006555145576,0.4527400252876045,26,225
1.1,89,MPS,260000000,260400000,781200000,17360000,3472,0.6263288131897545,0.05540185261967333,0.10169994364346047,0.4077509650393224,0.3736711868102456,15,225
0.9,80,MERA_PM225,2600000000,2604160000,7812480000,100160000,17008,0.9377649698727595,0.12703093546880526,0.011470791126620306,0.019391340447053595,0.062235030127240076,26,225
0.9,80,MPS,2600000000,2601600000,7804800000,173440000,20672,0.8705172150765381,0.2243432118442158,0.0180521178992874,0.09140944098434556,0.1294827849234611,15,225
0.9,81,MERA_PM225,2600000000,2604160000,7812480000,100160000,17008,0.942277195780674,0.059315620834317184,0.010808619586311297,0.010548449794436476,0.057722804219326296,26,225
0.9,81,MPS,2600000000,2601600000,7804800000,173440000,20672,0.9536260824356864,0.14456541965880085,0.006965521700133648,0.07444232470953394,0.04637391756431264,15,225
0.9,82,MERA_PM225,2600000000,2604160000,7812480000,100160000,17008,0.9695503175718733,0.031777556176046065,0.0063043175984824895,0.04544033402893932,0.030449682428128066,26,225
0.9,82,MPS,2600000000,2601600000,7804800000,173440000,20672,0.7199733847360038,0.2945273514762789,0.03238433129306406,0.22069385578063994,0.2800266152639965,15,225
0.9,83,MERA_PM225,2600000000,2604160000,7812480000,100160000,17008,0.9324249814360525,0.13921043343865894,0.01450961349043478,0.0060520148296234755,0.06757501856394688,26,225
0.9,83,MPS,2600000000,2601600000,7804800000,173440000,20672,0.9153662131401311,0.1768491652876129,0.015353815833586415,0.09791413595859477,0.08463378685986955,15,225
0.9,84,MERA_PM225,2600000000,2604160000,7812480000,100160000,17008,0.9196724256545101,0.1673834002851406,0.01555120406173316,0.03346884703983577,0.08032757434549187,26,225
0.9,84,MPS,2600000000,2601600000,7804800000,173440000,20672,0.886254955879277,0.2144741426303249,0.01713111727634531,0.1246749389983337,0.11374504412072295,15,225
0.9,85,MERA_PM225,2600000000,2604160000,7812480000,100160000,17008,0.914502042971189,0.04055226568664555,0.01614404349138865,0.07788083124550982,0.0854979570288128,26,225
0.9,85,MPS,2600000000,2601600000,7804800000,173440000,20672,0.9403783716602827,0.15819018308978375,0.009958105520464278,0.09669226383238894,0.05962162833971896,15,225
0.9,86,MERA_PM225,2600000000,2604160000,7812480000,100160000,17008,0.9284568350361333,0.13464070061434788,0.013466708396017602,0.022962686274215494,0.07154316496386726,26,225
0.9,86,MPS,2600000000,2601600000,7804800000,173440000,20672,0.9070910280307678,0.1653582373198858,0.016633086834693556,0.05842896323269808,0.09290897196923265,15,225
0.9,87,MERA_PM225,2600000000,2604160000,7812480000,100160000,17008,0.9373117007394154,0.10779433387781467,0.014901905961630435,0.03748795388038206,0.06268829926058439,26,225
0.9,87,MPS,2600000000,2601600000,7804800000,173440000,20672,0.7954537802607692,0.27016639109289153,0.0286989281939809,0.17367517900864038,0.20454621973923137,15,225
0.9,88,MERA_PM225,2600000000,2604160000,7812480000,100160000,17008,0.9350784657242982,0.13401127653312767,0.014121378792399053,0.028982976618202816,0.06492153427570235,26,225
0.9,88,MPS,2600000000,2601600000,7804800000,173440000,20672,0.9126406488032772,0.19129501906806945,0.013803169556700912,0.09473765585956417,0.08735935119672222,15,225
0.9,89,MERA_PM225,2600000000,2604160000,7812480000,100160000,17008,0.9051613817054934,0.11493737129875091,0.016703768655069062,0.03810386061170823,0.09483861829450713,26,225
0.9,89,MPS,2600000000,2601600000,7804800000,173440000,20672,0.9284453209417384,0.14971895568740184,0.012326121777947341,0.05584806754505156,0.07155467905826085,15,225
1.0,80,MERA_PM225,2600000000,2604160000,7812480000,100160000,17008,0.9619707040749365,0.08687754626802739,0.007271695419320601,0.02831727382405791,0.038029295925062434,26,225
1.0,80,MPS,2600000000,2601600000,7804800000,173440000,20672,0.7928985146507053,0.13376012847329116,0.0330620909685746,0.20110643504729675,0.20710148534929518,15,225
1.0,81,MERA_PM225,2600000000,2604160000,7812480000,100160000,17008,0.9605075654847731,0.08205068098877448,0.007911892115525454,0.012200137440141257,0.039492434515227326,26,225
1.0,81,MPS,2600000000,2601600000,7804800000,173440000,20672,0.8560968709188468,0.12962788722986004,0.02303104608712081,0.1268360023418334,0.14390312908115388,15,225
1.0,82,MERA_PM225,2600000000,2604160000,7812480000,100160000,17008,0.952243225605837,0.10492697202511783,0.008870090119674767,0.022925183211922384,0.04775677439416337,26,225
1.0,82,MPS,2600000000,2601600000,7804800000,173440000,20672,0.870835766086135,0.12808330625466727,0.02099734781528939,0.12004549107545348,0.1291642339138649,15,225
1.0,83,MERA_PM225,2600000000,2604160000,7812480000,100160000,17008,0.9457316515366024,0.08846261114307902,0.011107974614781968,0.05669175128956194,0.05426834846339723,26,225
1.0,83,MPS,2600000000,2601600000,7804800000,173440000,20672,0.7697348881862303,0.13451599394102678,0.03703054775542358,0.2231977950950893,0.23026511181376907,15,225
1.0,84,MERA_PM225,2600000000,2604160000,7812480000,100160000,17008,0.9512962046941026,0.06197820473990412,0.011388527591160491,0.027760020461536805,0.048703795305898745,26,225
1.0,84,MPS,2600000000,2601600000,7804800000,173440000,20672,0.8653379821702812,0.12666752436966544,0.021947913423687737,0.10005957413924293,0.13466201782971776,15,225
1.0,85,MERA_PM225,2600000000,2604160000,7812480000,100160000,17008,0.9674368080408853,0.06999783617848926,0.006545319279197326,0.01504019187263772,0.03256319195911439,26,225
1.0,85,MPS,2600000000,2601600000,7804800000,173440000,20672,0.8148074735333538,0.1332375093109353,0.0310853141747085,0.1982178327686055,0.18519252646664697,15,225
1.0,86,MERA_PM225,2600000000,2604160000,7812480000,100160000,17008,0.962808256423791,0.06621568268198477,0.009377674547147219,0.016745742982505307,0.03719174357620958,26,225
1.0,86,MPS,2600000000,2601600000,7804800000,173440000,20672,0.7757274372262385,0.13453565040227203,0.03597852609105989,0.16587133544992982,0.22427256277376162,15,225
1.0,87,MERA_PM225,2600000000,2604160000,7812480000,100160000,17008,0.6954229373980505,0.1325492826949632,0.05532510527165235,0.2571343255579442,0.3045770626019494,26,225
1.0,87,MPS,2600000000,2601600000,7804800000,173440000,20672,0.846014696915046,0.12900824181923592,0.02582832280934877,0.11392711112644921,0.1539853030849544,15,225
1.0,88,MERA_PM225,2600000000,2604160000,7812480000,100160000,17008,0.9039662492237617,0.11366367369135316,0.01759327259748167,0.03113289686022591,0.09603375077623844,26,225
1.0,88,MPS,2600000000,2601600000,7804800000,173440000,20672,0.7628036532684392,0.13412723071788202,0.03867935507610465,0.23175528195077982,0.23719634673156065,15,225
1.0,89,MERA_PM225,2600000000,2604160000,7812480000,100160000,17008,0.8579006285190168,0.13321448599590208,0.019859644304075053,0.1358170164605187,0.14209937148098362,26,225
1.0,89,MPS,2600000000,2601600000,7804800000,173440000,20672,0.953448768686503,0.09810174981233388,0.008585287026159794,0.08789979795985747,0.046551231313497254,15,225
1.1,80,MERA_PM225,2600000000,2604160000,7812480000,100160000,17008,0.9403343531036704,0.05134318552133942,0.014344807829209216,0.014935911294686466,0.059665646896331026,26,225
1.1,80,MPS,2600000000,2601600000,7804800000,173440000,20672,0.9421789493831149,0.051000576578307685,0.012228212004028238,0.07626065040010133,0.057821050616884806,15,225
1.1,81,MERA_PM225,2600000000,2604160000,7812480000,100160000,17008,0.9591625968818898,0.050481574852589105,0.009409184108307489,0.0011785805627326784,0.04083740311810857,26,225
1.1,81,MPS,2600000000,2601600000,7804800000,173440000,20672,0.9124581024812164,0.05413072849404828,0.015844639710071995,0.1535519568150554,0.08754189751878394,15,225
1.1,82,MERA_PM225,2600000000,2604160000,7812480000,100160000,17008,0.9276628172043454,0.05239707162990433,0.013778599828219829,0.05903102843186492,0.07233718279565571,26,225
1.1,82,MPS,2600000000,2601600000,7804800000,173440000,20672,0.8615379185655105,0.05509354116723701,0.02806895517730945,0.08500253026756155,0.13846208143448857,15,225
1.1,83,MERA_PM225,2600000000,2604160000,7812480000,100160000,17008,0.9476800658724149,0.0527881823244681,0.011259309415426522,0.020131497411661037,0.05231993412758462,26,225
1.1,83,MPS,2600000000,2601600000,7804800000,173440000,20672,0.9235636605433674,0.05308890658546413,0.01577933669332765,0.07343020357996521,0.07643633945663286,15,225
1.1,84,MERA_PM225,2600000000,2604160000,7812480000,100160000,17008,0.9250074651507963,0.05361377379808392,0.01817952379973442,0.03661574038182208,0.07499253484920276,26,225
1.1,84,MPS,2600000000,2601600000,7804800000,173440000,20672,0.9101610013449665,0.05331974550913696,0.020040288289311148,0.0923455467148645,0.08983899865503331,15,225
1.1,85,MERA_PM225,2600000000,2604160000,7812480000,100160000,17008,0.953011424621137,0.04200085111030954,0.010931096307941424,0.011211253656185916,0.04698857537886314,26,225
1.1,85,MPS,2600000000,2601600000,7804800000,173440000,20672,0.8775648930715592,0.05505828806640912,0.024791637910672515,0.13023859344861854,0.12243510692844084,15,225
1.1,86,MERA_PM225,2600000000,2604160000,7812480000,100160000,17008,0.9677004062363871,0.04558856146235824,0.007904598306669008,0.0009471775510500602,0.03229959376361191,26,225
1.1,86,MPS,2600000000,2601600000,7804800000,173440000,20672,0.8729623633275805,0.05493918029805661,0.023878499329039293,0.13204682945431723,0.12703763667241985,15,225
1.1,87,MERA_PM225,2600000000,2604160000,7812480000,100160000,17008,0.9803429030716261,0.04041620785544591,0.0040172018082511585,0.013803201322497738,0.019657096928372586,26,225
1.1,87,MPS,2600000000,2601600000,7804800000,173440000,20672,0.9182211280637094,0.05352814495672679,0.01821234155654805,0.06962891218744938,0.08177887193629041,15,225
1.1,88,MERA_PM225,2600000000,2604160000,7812480000,100160000,17008,0.9721831216502381,0.046680757575718504,0.0065156509477548585,0.0009221956131952869,0.027816878349761986,26,225
1.1,88,MPS,2600000000,2601600000,7804800000,173440000,20672,0.8850824688562596,0.05471882013681083,0.02233733867623844,0.14218087479552055,0.11491753114374081,15,225
1.1,89,MERA_PM225,2600000000,2604160000,7812480000,100160000,17008,0.9389015049484191,0.042509740212832076,0.015494955219992779,0.024236952653281907,0.061098495051581825,26,225
1.1,89,MPS,2600000000,2601600000,7804800000,173440000,20672,0.8597590204709525,0.055173010797691255,0.027638494508968936,0.197038843079003,0.14024097952904802,15,225
0.9,80,MERA_PM225,8400000000,8403200000,25209600000,323200000,28160,0.9533557419170785,0.10121960229500258,0.008820112833159532,0.017334074220918816,0.04664425808292094,26,225
0.9,80,MPS,8400000000,8400000000,25200000000,560000000,40000,0.9642690873393911,0.11456881826409163,0.006227990566511243,0.06482337966120788,0.03573091266060746,15,225
0.9,81,MERA_PM225,8400000000,8403200000,25209600000,323200000,28160,0.9652874293758887,0.026435607503588303,0.006336567345868183,0.030591295614853076,0.03471257062411004,26,225
0.9,81,MPS,8400000000,8400000000,25200000000,560000000,40000,0.9760823629857925,0.08904130970101515,0.004486676875171458,0.05295574602500552,0.023917637014207127,15,225
0.9,82,MERA_PM225,8400000000,8403200000,25209600000,323200000,28160,0.9779464634345253,0.015770608390814882,0.004476073802232916,0.03980960480890472,0.022053536565476484,26,225
0.9,82,MPS,8400000000,8400000000,25200000000,560000000,40000,0.9659560825821234,0.10949215752535993,0.005623849504676537,0.08289252229320698,0.03404391741787616,15,225
0.9,83,MERA_PM225,8400000000,8403200000,25209600000,323200000,28160,0.9420441471184338,0.12921955310522315,0.012632961121715303,0.010114909915484582,0.05795585288156502,26,225
0.9,83,MPS,8400000000,8400000000,25200000000,560000000,40000,0.9681309853794983,0.09352530159482506,0.006660639326123041,0.03990575965100074,0.031869014620500846,15,225
0.9,84,MERA_PM225,8400000000,8403200000,25209600000,323200000,28160,0.9421581793098783,0.14534764012712037,0.011245031202468558,0.031977433749907136,0.05784182069012134,26,225
0.9,84,MPS,8400000000,8400000000,25200000000,560000000,40000,0.9615342661133567,0.11229573977664559,0.0075368495375418565,0.0602046416578077,0.03846573388664354,15,225
0.9,85,MERA_PM225,8400000000,8403200000,25209600000,323200000,28160,0.9378578119193176,0.026987077333189127,0.01174882529870036,0.1094469728136388,0.06214218808068217,26,225
0.9,85,MPS,8400000000,8400000000,25200000000,560000000,40000,0.9724333997609559,0.09028807028639563,0.005455188248301601,0.047318303665696004,0.027566600239045558,15,225
0.9,86,MERA_PM225,8400000000,8403200000,25209600000,323200000,28160,0.9510930561901871,0.11063989257162041,0.008758634794623799,0.017767844162876356,0.048906943809811754,26,225
0.9,86,MPS,8400000000,8400000000,25200000000,560000000,40000,0.9439176533116256,0.12048651059173013,0.011088914228966074,0.04723197381025335,0.05608234668837642,15,225
0.9,87,MERA_PM225,8400000000,8403200000,25209600000,323200000,28160,0.9509074221216098,0.09046594275209444,0.01189607696498518,0.03955243258210417,0.049092577878390165,26,225
0.9,87,MPS,8400000000,8400000000,25200000000,560000000,40000,0.9573025502840077,0.1279940490037092,0.007613751242707023,0.06193484545585137,0.04269744971599143,15,225
0.9,88,MERA_PM225,8400000000,8403200000,25209600000,323200000,28160,0.9518482211217217,0.12163364286445719,0.009625809404533614,0.029585129087851936,0.048151778878278595,26,225
0.9,88,MPS,8400000000,8400000000,25200000000,560000000,40000,0.9768974298564104,0.08127704761242013,0.0047713441401104895,0.048593883059145804,0.023102570143589518,15,225
0.9,89,MERA_PM225,8400000000,8403200000,25209600000,323200000,28160,0.9356512894941562,0.07012324097132569,0.011956689230841144,0.07492772817495608,0.06434871050584468,26,225
0.9,89,MPS,8400000000,8400000000,25200000000,560000000,40000,0.9700403959299579,0.09950545150996822,0.005777931215435128,0.05352237981323105,0.029959604070041057,15,225
1.0,80,MERA_PM225,8400000000,8403200000,25209600000,323200000,28160,0.9747893148776728,0.0643449647694943,0.00503605163270926,9.739896158078576e-05,0.02521068512232838,26,225
1.0,80,MPS,8400000000,8400000000,25200000000,560000000,40000,0.8800134483372091,0.12199777544774154,0.018678625026753437,0.147656123492659,0.11998655166279026,15,225
1.0,81,MERA_PM225,8400000000,8403200000,25209600000,323200000,28160,0.9681741338534021,0.06924708632575462,0.006516023902715329,0.0336443886290948,0.03182586614659766,26,225
1.0,81,MPS,8400000000,8400000000,25200000000,560000000,40000,0.9655808864451376,0.09021378435940225,0.00626726827805113,0.057434455352122216,0.03441911355486249,15,225
1.0,82,MERA_PM225,8400000000,8403200000,25209600000,323200000,28160,0.9638506799242845,0.08252769183249128,0.007370467448281737,0.011336487910381998,0.03614932007571492,26,225
1.0,82,MPS,8400000000,8400000000,25200000000,560000000,40000,0.9316092292137879,0.10891196798936113,0.01048436441154621,0.060979363879715365,0.0683907707862117,15,225
1.0,83,MERA_PM225,8400000000,8403200000,25209600000,323200000,28160,0.9580156996252972,0.06425659264388602,0.009289488692843406,0.01223651676530546,0.04198430037470202,26,225
1.0,83,MPS,8400000000,8400000000,25200000000,560000000,40000,0.9430548302410083,0.10497847560925876,0.010728313988893179,0.08631275443347697,0.05694516975899144,15,225
1.0,84,MERA_PM225,8400000000,8403200000,25209600000,323200000,28160,0.9666546160956874,0.0504189368608838,0.008275509971456874,0.0205110657605021,0.033345383904311965,26,225
1.0,84,MPS,8400000000,8400000000,25200000000,560000000,40000,0.9433077135884568,0.09788308209161362,0.009948107240605797,0.04354330922225991,0.056692286411543225,15,225
1.0,85,MERA_PM225,8400000000,8403200000,25209600000,323200000,28160,0.9731570900872057,0.06180982642680917,0.0053093145349292215,0.024642134463343623,0.026842909912793034,26,225
1.0,85,MPS,8400000000,8400000000,25200000000,560000000,40000,0.9449189607734543,0.09710855875029627,0.011148977932016635,0.05464536749001969,0.055081039226545614,15,225
1.0,86,MERA_PM225,8400000000,8403200000,25209600000,323200000,28160,0.9720092660853102,0.056334789841986074,0.007164860150352004,0.021367860969661034,0.02799073391468887,26,225
1.0,86,MPS,8400000000,8400000000,25200000000,560000000,40000,0.8985430943213292,0.12217661950819714,0.015968784006130665,0.08119299953038783,0.1014569056786716,15,225
1.0,87,MERA_PM225,8400000000,8403200000,25209600000,323200000,28160,0.8584655805823606,0.12351500269663047,0.023509439981348246,0.09407677011278903,0.1415344194176391,26,225
1.0,87,MPS,8400000000,8400000000,25200000000,560000000,40000,0.9311076458707622,0.10228274644597936,0.012547540455162043,0.052842862733025964,0.06889235412923744,15,225
1.0,88,MERA_PM225,8400000000,8403200000,25209600000,323200000,28160,0.9365904395953945,0.09820562753481032,0.013084253138706092,0.008616181598952055,0.06340956040460699,26,225
1.0,88,MPS,8400000000,8400000000,25200000000,560000000,40000,0.8647137340084823,0.12259828780590737,0.02309413789786907,0.15274730029170136,0.13528626599151783,15,225
1.0,89,MERA_PM225,8400000000,8403200000,25209600000,323200000,28160,0.8752781885211997,0.1323281093848974,0.01647211777817259,0.12865678516270235,0.12472181147880079,26,225
1.0,89,MPS,8400000000,8400000000,25200000000,560000000,40000,0.9826938623546098,0.06418846775125814,0.003785486248662373,0.021214187831666398,0.01730613764539024,15,225
1.1,80,MERA_PM225,8400000000,8403200000,25209600000,323200000,28160,0.9640021457205478,0.04810840652059302,0.008457990417453098,0.0049776092159867225,0.03599785427945312,26,225
1.1,80,MPS,8400000000,8400000000,25200000000,560000000,40000,0.9768742181468834,0.041377662838536985,0.005095735339459173,0.031330676324367146,0.02312578185311709,15,225
1.1,81,MERA_PM225,8400000000,8403200000,25209600000,323200000,28160,0.9694107303060316,0.0471371082000284,0.007430947760711071,0.008052106154188776,0.03058926969396858,26,225
1.1,81,MPS,8400000000,8400000000,25200000000,560000000,40000,0.9734555818167955,0.04318696065511599,0.0056592833884807625,0.043849286499554774,0.02654441818320452,15,225
1.1,82,MERA_PM225,8400000000,8403200000,25209600000,323200000,28160,0.9506838171434006,0.05277054079842162,0.00963250827090989,0.02313089687094766,0.049316182856599,26,225
1.1,82,MPS,8400000000,8400000000,25200000000,560000000,40000,0.9619740253770573,0.04775095830447205,0.008051320428800857,0.036224246270308236,0.03802597462294388,15,225
1.1,83,MERA_PM225,8400000000,8403200000,25209600000,323200000,28160,0.9629451135725581,0.0485956879581326,0.008791080186947076,0.0037877767236775273,0.03705488642744226,26,225
1.1,83,MPS,8400000000,8400000000,25200000000,560000000,40000,0.9843870280315269,0.03792816947050415,0.0037268876060876366,0.03700173033753623,0.015612971968473333,15,225
1.1,84,MERA_PM225,8400000000,8403200000,25209600000,323200000,28160,0.9365528464848533,0.052714945164350095,0.014925437154397647,0.01935395220485464,0.06344715351514696,26,225
1.1,84,MPS,8400000000,8400000000,25200000000,560000000,40000,0.9854406284405872,0.03723683188662743,0.0034731966216487997,0.03212336551564532,0.014559371559411671,15,225
1.1,85,MERA_PM225,8400000000,8403200000,25209600000,323200000,28160,0.9670332165695766,0.03559441211637934,0.008384289950251977,0.006217208474712577,0.032966783430422475,26,225
1.1,85,MPS,8400000000,8400000000,25200000000,560000000,40000,0.9599600718372383,0.04875367205332387,0.00834904655211055,0.07349921377626634,0.040039928162762584,15,225
1.1,86,MERA_PM225,8400000000,8403200000,25209600000,323200000,28160,0.9786301860473927,0.0423226182332156,0.004987955466617233,0.002213590191899595,0.02136981395260773,26,225
1.1,86,MPS,8400000000,8400000000,25200000000,560000000,40000,0.9340148668211357,0.04960476244448421,0.012173395880355153,0.055509997389500576,0.06598513317886423,15,225
1.1,87,MERA_PM225,8400000000,8403200000,25209600000,323200000,28160,0.9870204905137333,0.03276755945186538,0.002741549319865033,0.011930591546851443,0.012979509486265361,26,225
1.1,87,MPS,8400000000,8400000000,25200000000,560000000,40000,0.9645697837682006,0.04458520901516799,0.0084672681348259,0.030814823462863572,0.03543021623179943,15,225
1.1,88,MERA_PM225,8400000000,8403200000,25209600000,323200000,28160,0.9807749773056594,0.0400268657709474,0.004988522343438273,0.0043897073833409905,0.019225022694341343,26,225
1.1,88,MPS,8400000000,8400000000,25200000000,560000000,40000,0.9714736909372708,0.04444496538682796,0.006261886960776675,0.050642563648859884,0.02852630906272935,15,225
1.1,89,MERA_PM225,8400000000,8403200000,25209600000,323200000,28160,0.9536860153433988,0.03855996231294585,0.012406901702975981,0.014518258636807502,0.04631398465660119,26,225
1.1,89,MPS,8400000000,8400000000,25200000000,560000000,40000,0.9334843662765197,0.05121029360816694,0.014490327839765893,0.059250450611243344,0.06651563372348035,15,225
