field,restart,architecture,converged,completed_steps,final_gradient_norm,elapsed_seconds,fidelity,zz_long_range_mae,energy_density_error,half_chain_entropy_error,joint_failure,eta_sum
0.9,200,MERA_PM225,False,5000,0.0002641647758695968,298.5826757909963,0.9892265857090224,0.008774240709599583,0.0021478411937343456,0.001107686684659881,0.010773414290978778,0.017438167652488575
0.9,200,MPS,False,5000,0.0001585316369247464,164.5475475420244,0.9796746667133565,0.08570338629224622,0.003717565321410543,0.06071480974137888,0.020325333286643543,0.03362635747230782
0.9,201,MERA_PM225,False,5000,9.636168116105816e-05,320.4982350830687,0.9935153891476838,0.009315846236148805,0.0012740886393898254,0.00028420117745331375,0.0064846108523172186,0.011110489646199867
0.9,201,MPS,False,5000,9.201287303622945e-05,189.50458779197652,0.9796717704031581,0.08574755878780516,0.0037185456933983563,0.06072152995666025,0.02032822959684233,0.0336436977789387
0.9,202,MERA_PM225,False,5000,0.00017325501061720352,357.72832179197576,0.9862018717831952,0.008394997421402466,0.003200855890288956,0.0066093008873103765,0.013798128216803929,0.025851944200649197
0.9,202,MPS,False,5000,0.0004053386651115377,198.36275941692293,0.9796563797567215,0.08569390671946757,0.0037186001623250586,0.06098485380197671,0.02034362024327907,0.03391153629707995
0.9,203,MERA_PM225,False,5000,9.797971584676358e-05,413.59163720801007,0.9890389357723295,0.009659289127423604,0.0021837727044358157,0.0006931327556053413,0.010961064227671513,0.017437421030381855
0.9,203,MPS,False,5000,0.00022035433370709337,256.3762202919461,0.979639065111808,0.08587018871396047,0.0037246471194920527,0.06071862567094122,0.020360934888191462,0.03401990735144781
0.9,204,MERA_PM225,False,5000,0.0001751732198041204,378.94680774991866,0.993525084545849,0.009559973929087882,0.0012934091158218752,0.003564609674502006,0.006474915454151242,0.011172890769548204
0.9,204,MPS,False,5000,0.0001394860293461333,213.83452012506314,0.9796758318727564,0.08568933315611676,0.003718773781338447,0.06072148213824857,0.020324168127243247,0.03357827916955517
0.9,205,MERA_PM225,False,5000,0.0004057326583311558,412.58339279098436,0.9825533456590593,0.05657464194447876,0.0029373738282048034,0.009976918706021798,0.017446654340940282,0.025390722139159674
0.9,205,MPS,False,5000,0.00013941282495001607,249.32469170796685,0.9796759514456687,0.08568081460476835,0.0037189403132142917,0.06071535421863794,0.02032404855433112,0.033585292320357854
0.9,206,MERA_PM225,False,5000,0.00038978381634037376,387.4220445830142,0.9892313020670422,0.006789259954347496,0.002169046588144541,0.0005915033321689522,0.010768697932958093,0.01796061933423715
0.9,206,MPS,False,5000,9.957400255881283e-05,218.47181958297733,0.9796799584139585,0.08566259911604727,0.0037201694064339375,0.06064150114240896,0.02032004158604117,0.03359584032694638
0.9,207,MERA_PM225,False,5000,0.00032448021509971846,454.6095851659775,0.9827569908861459,0.05632511423961724,0.0028922680255902833,0.010131178611929803,0.017243009113854124,0.02596129982829706
0.9,207,MPS,False,5000,0.00012613921736517408,285.8356071659364,0.9796746699928861,0.08572180268509216,0.0037192987401024613,0.06066936205335871,0.02032533000711445,0.0336047301184603
0.9,208,MERA_PM225,False,5000,0.0032839024500266843,398.4443603750551,0.9786452790818594,0.07214502118639032,0.003939733940065304,0.06663904732244519,0.021354720918140835,0.034405822560918176
0.9,208,MPS,False,5000,7.106928625373261e-05,226.51468241692055,0.9796758782930969,0.08569887058547984,0.003718672970398851,0.060721114376692475,0.020324121706903897,0.03355834622239026
0.9,209,MERA_PM225,False,5000,0.00019221865420346765,379.7704169161152,0.9935337285620852,0.009364869592880985,0.0012820012405487802,0.0006510704861729666,0.006466271437914339,0.010864548310551506
0.9,209,MPS,False,5000,3.817029207150534e-05,207.01259229099378,0.9796760011553324,0.08569678553165128,0.003718914078479907,0.06072604844310969,0.0203239988446684,0.03355784143973823
0.9,210,MERA_PM225,False,5000,0.0002865598032401439,380.2771365829976,0.9935777859387741,0.009559208693741106,0.0012742114110386726,0.0025714043483491267,0.006422214061225118,0.011149578268792475
0.9,210,MPS,False,5000,6.775654426445521e-05,212.2865480419714,0.9796757224603896,0.08570548848393886,0.0037184470545834625,0.060716326398937315,0.02032427753961108,0.03356027860820498
0.9,211,MERA_PM225,False,5000,0.00016323797557764918,391.09572666708846,0.9888830224089442,0.01147777988995555,0.002244288571292996,0.0029123207967437503,0.011116977591055455,0.01776873667296333
0.9,211,MPS,False,5000,3.597154551648828e-05,221.7143034170149,0.9796759071132769,0.08567058341792078,0.003719207235034494,0.06071793688844618,0.020324092886723766,0.03369727814126021
0.9,212,MERA_PM225,False,5000,0.00047006338021871686,371.6432017920306,0.9825911968878662,0.0598254207824012,0.002907669083989317,0.013924874803082576,0.017408803112134774,0.025611468942918512
0.9,212,MPS,False,5000,8.716930699679308e-05,214.5322391251102,0.9796755726335012,0.08569520785231632,0.0037189682656870726,0.06072379468811939,0.020324427366499753,0.03358090103921307
0.9,213,MERA_PM225,False,5000,0.00010805676251367721,361.17061949998606,0.9891965199826728,0.008508512476465446,0.0021493087988491144,0.0004139145293770019,0.010803480017327782,0.017261011464584072
0.9,213,MPS,False,5000,8.832620879367855e-05,203.19019516697153,0.9796743884841687,0.0857109557243578,0.0037176470273292406,0.06072417431014887,0.02032561151583112,0.033630875118925256
0.9,214,MERA_PM225,False,5000,0.00020724951508964363,381.7173845419893,0.9934156486457105,0.0093346066221911,0.0012933417421017168,0.0022064472849208094,0.006584351354289031,0.011110918313435306
0.9,214,MPS,False,5000,0.0005019245366634103,213.59806354204193,0.9796786485790958,0.08548382758283407,0.003724704443924809,0.06070715344346811,0.020321351420902634,0.03411925332311609
0.9,215,MERA_PM225,False,5000,0.00022183689257143237,387.97536312497687,0.9930941252978116,0.01109758751837454,0.0014025783413467163,0.011165626717398736,0.006905874702190173,0.013013613460779559
0.9,215,MPS,False,5000,0.00020706643175649676,218.8556010000175,0.9796789381774661,0.0856673463004631,0.003719551752944694,0.06064125756249095,0.02032106182253257,0.03363199293576397
0.9,216,MERA_PM225,False,5000,0.00013697438467958484,390.4837873330107,0.98174331281245,0.023897448055661717,0.0032067280570591272,0.04823061755924174,0.018256687187549914,0.025933107214806444
0.9,216,MPS,False,5000,0.00017946240122683542,220.70932574989274,0.9796749157503193,0.08570944532776037,0.003717899267224878,0.060716530839669214,0.020325084249680048,0.03357943416089184
0.9,217,MERA_PM225,False,5000,0.00046904518114679935,395.3802017919952,0.9813477678066814,0.0248911839672533,0.003242288077992983,0.04402009386450656,0.01865223219331802,0.026743255567210515
0.9,217,MPS,False,5000,0.00019219896775330857,223.1501642499352,0.9796729721746236,0.08568990982872648,0.0037192435934898516,0.06077027943575908,0.020327027825375654,0.03368190604519576
0.9,218,MERA_PM225,False,5000,0.0002530513429663609,399.49351195804775,0.9825200699628894,0.06372623110631329,0.0028634233919435648,0.015074306883670174,0.017479930037111346,0.024601515858199176
0.9,218,MPS,False,5000,9.549478986637004e-05,225.94655695802066,0.9796753728698944,0.08570506401233266,0.003718422090737361,0.0607254944757496,0.020324627130106743,0.03354971781466386
0.9,219,MERA_PM225,False,5000,0.00011071020046575984,400.3053629579954,0.9934677419254588,0.009553166961894233,0.0012935543534788874,0.0010738071593349163,0.006532258074540831,0.011083501860710138
0.9,219,MPS,False,5000,0.00011919939364333579,225.84785949997604,0.9796730769833123,0.08572188093006466,0.0037180789683113336,0.06076634886115928,0.020326923016687704,0.033568476765340555
1.0,200,MERA_PM225,False,5000,0.00011898503655513538,407.8632650419604,0.9930477207608432,0.03362776311640502,0.0013706696419899522,0.009878645788044649,0.006952279239157089,0.010769691151140336
1.0,200,MPS,False,5000,0.000334841255800119,228.214664041996,0.9884603678183067,0.06109310755027148,0.002190707536697367,0.038913536035589,0.011539632181693071,0.01972711444923517
1.0,201,MERA_PM225,False,5000,0.00033970322412047485,409.57308949995786,0.9931469901381241,0.0331937231159707,0.0013543872376948762,0.006629500114363918,0.0068530098618762025,0.010295865448933034
1.0,201,MPS,False,5000,0.0006513942141078219,226.988329792046,0.9884700191437422,0.061136027585747016,0.002185412943731979,0.03958818182390722,0.011529980856257671,0.019623433218296724
1.0,202,MERA_PM225,False,5000,8.863470947438502e-05,393.85486833308823,0.9929108182381129,0.030043932750559707,0.0014446334898623459,0.006949264508888442,0.007089181761886443,0.010981378041946464
1.0,202,MPS,False,5000,0.00014588722212758941,219.76950541697443,0.9884732204278595,0.06111559039077126,0.002184187848767838,0.039460844619053304,0.011526779572139434,0.01931428546572583
1.0,203,MERA_PM225,False,5000,0.00015845288025044586,402.47355454193894,0.993797873564746,0.015015183817132394,0.0013584852418018212,0.006566758043626164,0.00620212643525353,0.009240873194982445
1.0,203,MPS,False,5000,0.00028465584501090443,226.950452625053,0.9884709484167028,0.061044536589776405,0.0021885297734207665,0.03932608364310042,0.011529051583296646,0.01937526989173553
1.0,204,MERA_PM225,False,5000,0.00011700732531825996,389.7932064590277,0.9931489582522603,0.031113364894510415,0.0013856040576130102,0.006006495267867229,0.006851041747739428,0.01008229855913301
1.0,204,MPS,False,5000,0.00011877963335232256,225.64759433292784,0.9884446232149899,0.06081314547962426,0.0022048112480437254,0.03852173376471191,0.011555376785010951,0.019703193484292957
1.0,205,MERA_PM225,False,5000,0.0001597820843566993,380.4573134999955,0.9939846228784373,0.01686671367592168,0.0013108726353006084,0.0034619751187487946,0.006015377121561527,0.008891204866224708
1.0,205,MPS,False,5000,0.0003253219866515641,216.18899641698226,0.9884625308720841,0.06105121597119426,0.002185716678655414,0.03952061943200558,0.011537469127916089,0.019576669697989494
1.0,206,MERA_PM225,False,5000,0.0004199373062742949,400.175947583979,0.9938113587976413,0.016439693597617315,0.0013379140139546664,0.0042024593717757686,0.006188641202360179,0.009111890300012804
1.0,206,MPS,False,5000,0.00016933788431318074,225.40154320793226,0.98847317368068,0.061121040279188965,0.0021836948687328217,0.03946506095383129,0.011526826319320227,0.01937887407775279
1.0,207,MERA_PM225,False,5000,9.802174025201304e-05,404.9246799169341,0.9940832717103849,0.013722065462381468,0.0012963793510474275,0.0017961909893674521,0.005916728289615425,0.008925449761957052
1.0,207,MPS,False,5000,0.00012652859854805497,227.30810825002845,0.9884640317193384,0.061100540249606955,0.0021857312723678746,0.039927736137569614,0.01153596828066139,0.019409339888696454
1.0,208,MERA_PM225,False,5000,0.0002830903870083488,383.262581625022,0.9888076042363627,0.009462770042103219,0.003060852924493762,0.007055951857794174,0.011192395763637952,0.021117311129641367
1.0,208,MPS,False,5000,0.0007482170420470568,218.64831291593146,0.9884586173243964,0.061368289608775724,0.00217984229843049,0.038911172817340245,0.011541382675604228,0.020157483078124545
1.0,209,MERA_PM225,False,5000,0.00034987744686745576,381.30024399992544,0.9939523932780127,0.017880449123558205,0.0012935271133220905,0.00360566378028504,0.00604760672198712,0.009130935645052138
1.0,209,MPS,False,5000,0.00010814606940238167,215.6716885410715,0.9884696378855947,0.06109046130533999,0.0021857211317455327,0.0395577230398243,0.011530362114403614,0.01934218615619868
1.0,210,MERA_PM225,False,5000,0.0002334958611028963,371.9732081249822,0.992856653974573,0.0321738172289846,0.0014173776099513091,0.008614536816383467,0.007143346025426545,0.010386461487386586
1.0,210,MPS,False,5000,0.0001861553667919517,207.0914633750217,0.988448792440207,0.06092779257490856,0.0021899192964160985,0.03978700088819043,0.011551207559793775,0.019720292785847946
1.0,211,MERA_PM225,False,5000,8.818219953584092e-05,389.47715679195244,0.9938226355520141,0.013018232562842512,0.0013312080264542558,0.007646155614134731,0.006177364447985778,0.009487205694214745
1.0,211,MPS,False,5000,0.0005338285487258762,219.3553142499877,0.9884698929022147,0.06092199822839628,0.002197574601923158,0.04007470187941231,0.011530107097785125,0.019836481140970686
1.0,212,MERA_PM225,False,5000,0.00011681697125208421,400.68685462500434,0.9929357919619612,0.030710045703830926,0.0014339968239602818,0.0076736537976097585,0.007064208038038755,0.011013237156009936
1.0,212,MPS,False,5000,0.00020992656981076835,226.05161566694733,0.9884736996368954,0.061087582535620515,0.002185190501490464,0.0395065621746411,0.01152630036310387,0.019319521563931286
1.0,213,MERA_PM225,False,5000,0.00017028915999458904,403.66177162504755,0.9940778065702883,0.013267133433142812,0.001306242551339487,0.002215217913861478,0.005922193429712008,0.008974098767580136
1.0,213,MPS,False,5000,0.00041417140412048617,225.37155445897952,0.9884448026840418,0.061115251994300526,0.002184678507513249,0.04150906870693982,0.011555197315958887,0.01992614529624272
1.0,214,MERA_PM225,False,5000,0.00011105443463839565,399.56117212504614,0.993185033744142,0.0299189359406872,0.0014022595037550545,0.003149252424975435,0.006814966255857757,0.010922346714173971
1.0,214,MPS,False,5000,0.00017427750709355933,226.77797587495297,0.9884665211829877,0.061141310910199864,0.002181224634512091,0.03960418460602644,0.011533478817011944,0.019420855498479758
1.0,215,MERA_PM225,False,5000,0.0005275183456583333,404.36088399996515,0.9929905024381723,0.031884082142168174,0.0013857399843772988,0.006385457449517351,0.007009497561826228,0.01072926643802088
1.0,215,MPS,False,5000,0.00025269492657246077,228.97614479192998,0.9884279100439393,0.06148374242450953,0.002176527021867214,0.03886305597060924,0.01157208995606096,0.020345036253267612
1.0,216,MERA_PM225,False,5000,0.0002596717235692541,405.33922570804134,0.9834905606424266,0.025588215983664855,0.004204164711751446,0.010120185573819551,0.01650943935757332,0.030851258836104085
1.0,216,MPS,False,5000,0.00020056619944492325,230.45124629104976,0.9884643558797906,0.061151684829227795,0.0021821147427267817,0.039941884530832916,0.011535644120208577,0.019488002504378255
1.0,217,MERA_PM225,False,5000,0.00030177451207611593,407.53490683308337,0.9940400200332571,0.013340310653471566,0.0013031213832808142,0.0030738281502811216,0.005959979966743245,0.009074173625026976
1.0,217,MPS,False,5000,0.00023033906886475546,230.84052683296613,0.9884761881940713,0.06108204929829099,0.002185973928673368,0.03935216417777565,0.011523811805928097,0.019333437161994746
1.0,218,MERA_PM225,False,5000,0.0018260232998715468,408.24982987495605,0.9930490741059651,0.033243881324849595,0.0013572095164224862,0.007658002996737467,0.006950925894034676,0.010327316752362781
1.0,218,MPS,False,5000,0.0002698039514045861,229.38253354199696,0.9884658133522861,0.06116419047955505,0.002178433701561344,0.03964782114952703,0.011534186647713995,0.019515046312213093
1.0,219,MERA_PM225,False,5000,0.00018289782898001073,408.9705764170503,0.9937929554147678,0.013147614805233573,0.0013376477523217023,0.007867472310037815,0.006207044585231469,0.009435996068750471
1.0,219,MPS,False,5000,0.0002078236794190776,229.7055017920211,0.9884743030619392,0.06110161420055893,0.0021858485975780884,0.039550605555976115,0.011525696938060492,0.01936508120974517
1.1,200,MERA_PM225,False,5000,0.0001583316747562605,408.12756487505976,0.9974851870254389,0.007087465455905748,0.0006253871605748085,0.0034897751005474875,0.0025148129745611314,0.004062727223726337
1.1,200,MPS,False,5000,0.00033363032919402465,234.34826637501828,0.9945569922638199,0.03072410850197792,0.0011485739901062608,0.017727274604447008,0.005443007736178451,0.009854451195037387
1.1,201,MERA_PM225,False,5000,0.00026710282398881275,394.5236075000139,0.9974815496425096,0.009831407621282484,0.000608833756860605,0.002536115696536223,0.0025184503574913197,0.004499386134805574
1.1,201,MPS,False,5000,0.00023386406232439968,217.1375361670507,0.9945633771616549,0.030767612236343753,0.0011450532921228884,0.01876098007387289,0.0054366228383444515,0.009918949564386704
1.1,202,MERA_PM225,False,5000,0.00017079694199420803,405.3731411669869,0.9975207204743252,0.0114593524693844,0.0005968991129052803,0.0017832560261161756,0.002479279525674838,0.004575113070879281
1.1,202,MPS,False,5000,0.000334066796864134,231.61819225002546,0.9945608482570906,0.030793199282466727,0.0011409007228213586,0.018566176481326746,0.005439151742909987,0.00993663552529474
1.1,203,MERA_PM225,False,5000,0.00010629818443122067,414.23330404190347,0.9975904409138292,0.008907167053797042,0.0005908672195931164,0.0035327946166950897,0.0024095590861713534,0.004008228716258202
1.1,203,MPS,False,5000,0.000244297949648232,232.36673562496435,0.9945611940419926,0.03069327888608458,0.001148013581382168,0.018221278274098585,0.005438805958006054,0.009801968245838526
1.1,204,MERA_PM225,False,5000,9.901613003767311e-05,419.78751262498554,0.9986729040648975,0.007062148980755984,0.00035179229261905753,0.004196483929416406,0.0013270959351022737,0.002513328042637111
1.1,204,MPS,False,5000,0.0002917352762781595,236.15241433295887,0.9945490064147385,0.030665185086002047,0.001148337988478243,0.020119714609276695,0.0054509935852613545,0.010082756581651165
1.1,205,MERA_PM225,False,5000,0.00016236565351213051,418.4808127079159,0.997420792796797,0.01138361664018675,0.0006127198682566171,0.0022548669486622264,0.002579207203203704,0.004195555827891454
1.1,205,MPS,False,5000,0.0002559837340857796,232.65907545795199,0.9945636558506589,0.03073261178149503,0.0011456217031025062,0.01819044520209978,0.0054363441493414655,0.00962780722919121
1.1,206,MERA_PM225,False,5000,0.00024124140552850236,409.6484154999489,0.9975202774507834,0.012658077647375782,0.0005897263241803063,0.0031032178389114318,0.0024797225492159125,0.004509650042612941
1.1,206,MPS,False,5000,0.00018292606311972427,232.8465053330874,0.994564171181026,0.03064736241300977,0.001148846585997898,0.0182519528815982,0.005435828818973865,0.009813600368394135
1.1,207,MERA_PM225,False,5000,0.00012768183169213206,414.39112016605213,0.9975013965601219,0.007164515399111327,0.0006193848047284511,0.003753848605823229,0.0024986034398779555,0.004000464821843255
1.1,207,MPS,False,5000,0.00025324667013882745,234.89938812493347,0.9945500059889528,0.030649689042037763,0.0011526113172759533,0.020006331459338333,0.005449994011048398,0.010299138518307495
1.1,208,MERA_PM225,False,5000,0.00017410288180022662,412.6952803339809,0.9975895329783097,0.011416484107851562,0.0005833589951254048,0.002925157581049831,0.0024104670216907875,0.0044315025687132565
1.1,208,MPS,False,5000,0.00017686916068657065,233.39498641702812,0.9945560140028044,0.0307096079125398,0.0011458989879524761,0.020412426063377787,0.005443985997195755,0.010182577532414333
1.1,209,MERA_PM225,False,5000,9.495461713593944e-05,412.89701562502887,0.9975567963265574,0.012653416424905889,0.0005875506913370909,0.0031173647542945826,0.0024432036734416407,0.004480706665773477
1.1,209,MPS,False,5000,0.0003091106089881842,231.2363235829398,0.99455848578156,0.030709332444357168,0.001154660872748181,0.018584396434022765,0.005441514218439747,0.010096761082222093
1.1,210,MERA_PM225,False,5000,0.09590794178831716,416.95859433396254,0.9972110108670756,0.012896644746156496,0.0006307224995334426,0.0042021929370166244,0.0027889891329244687,0.00470842164024945
1.1,210,MPS,False,5000,0.00021699427353767122,233.24544037494343,0.9945630171049542,0.03065924351294481,0.0011519204648413606,0.0190129491596292,0.005436982895045461,0.009748338250711173
1.1,211,MERA_PM225,False,5000,0.0004860707724936611,417.5596094169887,0.997536752968788,0.008715484534216777,0.000596506249796569,0.0044859856841898416,0.0024632470312123678,0.004253049900700118
1.1,211,MPS,False,5000,0.0003534286062222617,233.47530483303126,0.9945590414238905,0.030747859396958697,0.0011416843052578507,0.01843377518821243,0.005440958576109711,0.01010696430978974
1.1,212,MERA_PM225,False,5000,0.00014828165143907664,412.02861508296337,0.9975910999735156,0.009677163221019369,0.0005905389762168589,0.003480922213800808,0.0024089000264850835,0.004094046280456019
1.1,212,MPS,False,5000,0.00020144213576046523,234.00303158303723,0.9945590822236017,0.030755354797417405,0.0011440986507413875,0.01858350230811956,0.005440917776399656,0.009949667959602837
1.1,213,MERA_PM225,False,5000,0.00035035565850855037,406.7792995419586,0.9973110392191085,0.0070373908424506,0.0006304124302194403,0.005344373701276106,0.002688960780891314,0.004691112209390277
1.1,213,MPS,False,5000,0.0001624444201915095,227.42815504199825,0.994567618568961,0.030687379428916483,0.0011484539468948896,0.018499789023979307,0.005432381431038524,0.009617956933393488
1.1,214,MERA_PM225,False,5000,0.00015331470636355734,417.1618795830291,0.9984326127847234,0.0050659939259824985,0.0004434351034219297,0.00026251907399577057,0.0015673872152760504,0.0032390359299053345
1.1,214,MPS,False,5000,0.00027679492379710264,234.458572249976,0.9945639837945576,0.030694948210765603,0.0011477450525769761,0.019541800669546194,0.005436016205442318,0.009830327865471665
1.1,215,MERA_PM225,False,5000,7.105647946290209e-05,422.58938679099083,0.9975156874713577,0.0070431191281747525,0.0006213934788246167,0.003337557787725931,0.0024843125286425627,0.003952002634455297
1.1,215,MPS,False,5000,0.0002519652142056417,238.04009287501685,0.9945636874005466,0.030692934165178817,0.0011492403391726302,0.018587197864403937,0.005436312599453541,0.009928758987733226
1.1,216,MERA_PM225,False,5000,0.0001950477216045268,420.40743679204024,0.9975421342831673,0.00899766605844242,0.0006007239920884366,0.006308494817015675,0.002457865716833485,0.004413209442801369
1.1,216,MPS,False,5000,0.00033584526071147843,235.70648624992464,0.9945548183299098,0.030666071276154023,0.0011492000068842323,0.018965532615591252,0.005445181670090227,0.010037922566765261
1.1,217,MERA_PM225,False,5000,0.00013540768010576214,421.19108837505337,0.9974216928369833,0.00597646143319081,0.000627068290476096,0.0013000354930385871,0.0025783071630167687,0.004131574790685341
1.1,217,MPS,False,5000,0.00040887900121536197,235.3043433749117,0.9945619582997701,0.030711420908012644,0.001151430813258969,0.01862622360198063,0.005438041700229546,0.009851305983034523
1.1,218,MERA_PM225,False,5000,0.00014586859880500748,420.7436907499796,0.9975059993222476,0.011547607816806443,0.0006036299309828408,0.003470747478133418,0.0024940006777512957,0.004414047955196923
1.1,218,MPS,False,5000,0.00033595949070989366,238.93320395902265,0.9945534535529166,0.030751722218145164,0.0011474016415293775,0.016262207885093694,0.005446546447083311,0.010034155559616884
1.1,219,MERA_PM225,False,5000,0.00012018511828139884,396.72514200001024,0.9976068542122077,0.008825897425552212,0.000582441596688188,0.004262975420202153,0.0023931457877928164,0.004309104209708043
1.1,219,MPS,False,5000,0.0002702641353924713,233.84380108304322,0.994553276524678,0.030795654124656756,0.0011389845523874786,0.01855779560153159,0.005446723475322157,0.010154281902487674
